T,Combo ID,Combo Descricao,Link Original,Link Convertido,Produto,Nicho,Vendas,Nota,Desconto%,Preco Min,Comissao
T4000,,,https://s.shopee.com.br/20tRi409Us,https://luizalto.github.io/html16/pages/N190.html?dest=https://s.shopee.com.br/20tRi409Us|||N200T4000,,Grupo_63,0,0.0,0,0,0
T4001,,,https://s.shopee.com.br/30gCGEEH3S,https://luizalto.github.io/html16/pages/N190.html?dest=https://s.shopee.com.br/30gCGEEH3S|||N200T4001,,Grupo_63,0,0.0,0,0,0
T4002,,,https://s.shopee.com.br/3B1rDNpaye,https://luizalto.github.io/html16/pages/N190.html?dest=https://s.shopee.com.br/3B1rDNpaye|||N200T4002,,Grupo_63,0,0.0,0,0,0
T4003,,,https://s.shopee.com.br/4VahX5zl5U,https://luizalto.github.io/html16/pages/N190.html?dest=https://s.shopee.com.br/4VahX5zl5U|||N200T4003,,Grupo_63,0,0.0,0,0,0
T4004,,,https://s.shopee.com.br/2B7l1yUJBs,https://luizalto.github.io/html16/pages/N190.html?dest=https://s.shopee.com.br/2B7l1yUJBs|||N200T4004,,Grupo_63,0,0.0,0,0,0
T4005,,,https://s.shopee.com.br/5LA0vZ4x4i,https://luizalto.github.io/html16/pages/N190.html?dest=https://s.shopee.com.br/5LA0vZ4x4i|||N200T4005,,Grupo_63,0,0.0,0,0,0
T4006,,,https://s.shopee.com.br/7AbNXKmX6l,https://luizalto.github.io/html16/pages/N190.html?dest=https://s.shopee.com.br/7AbNXKmX6l|||N200T4006,,Grupo_63,0,0.0,0,0,0
T4007,,,https://s.shopee.com.br/9pav4P8G7F,https://luizalto.github.io/html16/pages/N190.html?dest=https://s.shopee.com.br/9pav4P8G7F|||N200T4007,,Grupo_63,0,0.0,0,0,0
T4008,,,https://s.shopee.com.br/3qLLpfiS00,https://luizalto.github.io/html16/pages/N190.html?dest=https://s.shopee.com.br/3qLLpfiS00|||N200T4008,,Grupo_63,0,0.0,0,0,0
T4009,,,https://s.shopee.com.br/2VpOMhZ02j,https://luizalto.github.io/html16/pages/N190.html?dest=https://s.shopee.com.br/2VpOMhZ02j|||N200T4009,,Grupo_63,0,0.0,0,0,0
T4010,,,https://s.shopee.com.br/3LOZqAvtTE,https://luizalto.github.io/html16/pages/N190.html?dest=https://s.shopee.com.br/3LOZqAvtTE|||N200T4010,,Grupo_63,0,0.0,0,0,0
T4011,,,https://s.shopee.com.br/AUrv0W1vMQ,https://luizalto.github.io/html16/pages/N190.html?dest=https://s.shopee.com.br/AUrv0W1vMQ|||N200T4011,,Grupo_63,0,0.0,0,0,0
T4012,,,https://s.shopee.com.br/8piw2rBCq4,https://luizalto.github.io/html16/pages/N190.html?dest=https://s.shopee.com.br/8piw2rBCq4|||N200T4012,,Grupo_63,0,0.0,0,0,0
T4013,,,https://s.shopee.com.br/5AqKaSDAjV,https://luizalto.github.io/html16/pages/N190.html?dest=https://s.shopee.com.br/5AqKaSDAjV|||N200T4013,,Grupo_63,0,0.0,0,0,0
T4014,,,https://s.shopee.com.br/an_redir?origin_link=https%3A%2F%2Fshopee.com.br%2Fproduct%2F1429968017%2F58263021528%3Fgads_t_sig%3DgqRjZGVrxHCFomtpsTE0MjUxOnRzc19zZGtfa2V5omt20QABpGFsZ2_SAAAAZKNkZWvAomN0xEAAAAAM_NxfHGgeczprZR4Q8tPoOfvwhbtN63JlB369xGJA1mbqBWuW2sVWxQjSJT_xT_mbG0_W5kumedB_GGTjqmNpcGhlcnRleHTEdgAAAAzC94jRXGGktH6Ac3r0Bur0dQmKO9BBfX0L48cu64gtsVXHUU-nfT8POM5WC_tkUOhnQ0vShq5nmexo9oCiBtRKhkpkefPlf01yZvSMpzXwchXo-jLL6TmzWE3C8IVVrt_9MHoWFxK81LfBIiud3J0moKE&sm=fb_partner&affiliate_id=18318060082,https://luizalto.github.io/html16/pages/N190.html?dest=https://s.shopee.com.br/an_redir?origin_link=https%3A%2F%2Fshopee.com.br%2Fproduct%2F1429968017%2F58263021528%3Fgads_t_sig%3DgqRjZGVrxHCFomtpsTE0MjUxOnRzc19zZGtfa2V5omt20QABpGFsZ2_SAAAAZKNkZWvAomN0xEAAAAAM_NxfHGgeczprZR4Q8tPoOfvwhbtN63JlB369xGJA1mbqBWuW2sVWxQjSJT_xT_mbG0_W5kumedB_GGTjqmNpcGhlcnRleHTEdgAAAAzC94jRXGGktH6Ac3r0Bur0dQmKO9BBfX0L48cu64gtsVXHUU-nfT8POM5WC_tkUOhnQ0vShq5nmexo9oCiBtRKhkpkefPlf01yZvSMpzXwchXo-jLL6TmzWE3C8IVVrt_9MHoWFxK81LfBIiud3J0moKE&sm=fb_partner&affiliate_id=18318060082|||N200T4014,,Grupo_63,0,0.0,0,0,0
T4015,,,https://s.shopee.com.br/9fJiMwp7xp,https://luizalto.github.io/html16/pages/N190.html?dest=https://s.shopee.com.br/9fJiMwp7xp|||N200T4015,,Grupo_63,0,0.0,0,0,0
T4016,,,https://s.shopee.com.br/4ftLPbzbcm,https://luizalto.github.io/html16/pages/N190.html?dest=https://s.shopee.com.br/4ftLPbzbcm|||N200T4016,,Grupo_63,0,0.0,0,0,0
T4017,,,https://s.shopee.com.br/4q5CLkiFmH,https://luizalto.github.io/html16/pages/N190.html?dest=https://s.shopee.com.br/4q5CLkiFmH|||N200T4017,,Grupo_63,0,0.0,0,0,0
T4018,,,https://s.shopee.com.br/7Kv2CvMqv5,https://luizalto.github.io/html16/pages/N190.html?dest=https://s.shopee.com.br/7Kv2CvMqv5|||N200T4018,,Grupo_63,0,0.0,0,0,0
T4019,,,https://s.shopee.com.br/7fXqpa7s54,https://luizalto.github.io/html16/pages/N190.html?dest=https://s.shopee.com.br/7fXqpa7s54|||N200T4019,,Grupo_63,0,0.0,0,0,0
T4020,,,https://s.shopee.com.br/1VwMFbsmKj,https://luizalto.github.io/html16/pages/N190.html?dest=https://s.shopee.com.br/1VwMFbsmKj|||N200T4020,,Grupo_63,0,0.0,0,0,0
T4021,,,https://s.shopee.com.br/6pylbYE8Yw,https://luizalto.github.io/html16/pages/N190.html?dest=https://s.shopee.com.br/6pylbYE8Yw|||N200T4021,,Grupo_63,0,0.0,0,0,0
T4022,,,https://s.shopee.com.br/70Ib3jABIS,https://luizalto.github.io/html16/pages/N190.html?dest=https://s.shopee.com.br/70Ib3jABIS|||N200T4022,,Grupo_63,0,0.0,0,0,0
T4023,,,https://s.shopee.com.br/gOKfxBcVX,https://luizalto.github.io/html16/pages/N190.html?dest=https://s.shopee.com.br/gOKfxBcVX|||N200T4023,,Grupo_63,0,0.0,0,0,0
T4024,,,https://s.shopee.com.br/AUrq5cA8Wv,https://luizalto.github.io/html16/pages/N190.html?dest=https://s.shopee.com.br/AUrq5cA8Wv|||N200T4024,,Grupo_63,0,0.0,0,0,0
T4025,,,https://s.shopee.com.br/6pzWgVbj6G,https://luizalto.github.io/html16/pages/N190.html?dest=https://s.shopee.com.br/6pzWgVbj6G|||N200T4025,,Grupo_63,0,0.0,0,0,0
T4026,,,https://s.shopee.com.br/9Kg1KgcBs4,https://luizalto.github.io/html16/pages/N190.html?dest=https://s.shopee.com.br/9Kg1KgcBs4|||N200T4026,,Grupo_63,0,0.0,0,0,0
T4027,,,https://s.shopee.com.br/qiWjlyVuL,https://luizalto.github.io/html16/pages/N190.html?dest=https://s.shopee.com.br/qiWjlyVuL|||N200T4027,,Grupo_63,0,0.0,0,0,0
T4028,,,https://s.shopee.com.br/110CedcBAo,https://luizalto.github.io/html16/pages/N190.html?dest=https://s.shopee.com.br/110CedcBAo|||N200T4028,,Grupo_63,0,0.0,0,0,0
T4029,,,https://s.shopee.com.br/AAFdphVBQd,https://luizalto.github.io/html16/pages/N190.html?dest=https://s.shopee.com.br/AAFdphVBQd|||N200T4029,,Grupo_63,0,0.0,0,0,0
T4030,,,https://s.shopee.com.br/9AGwRUpxel,https://luizalto.github.io/html16/pages/N190.html?dest=https://s.shopee.com.br/9AGwRUpxel|||N200T4030,,Grupo_63,0,0.0,0,0,0
T4031,,,https://s.shopee.com.br/3LPApiSY4D,https://luizalto.github.io/html16/pages/N190.html?dest=https://s.shopee.com.br/3LPApiSY4D|||N200T4031,,Grupo_63,0,0.0,0,0,0
T4032,,,https://s.shopee.com.br/5fmVzQMyry,https://luizalto.github.io/html16/pages/N190.html?dest=https://s.shopee.com.br/5fmVzQMyry|||N200T4032,,Grupo_63,0,0.0,0,0,0
T4033,,,https://s.shopee.com.br/5LAW04L9ru,https://luizalto.github.io/html16/pages/N190.html?dest=https://s.shopee.com.br/5LAW04L9ru|||N200T4033,,Grupo_63,0,0.0,0,0,0
T4034,,,https://s.shopee.com.br/8pjhEiSCbi,https://luizalto.github.io/html16/pages/N190.html?dest=https://s.shopee.com.br/8pjhEiSCbi|||N200T4034,,Grupo_63,0,0.0,0,0,0
T4035,,,https://s.shopee.com.br/8AVCTF3MQJ,https://luizalto.github.io/html16/pages/N190.html?dest=https://s.shopee.com.br/8AVCTF3MQJ|||N200T4035,,Grupo_63,0,0.0,0,0,0
T4036,,,https://s.shopee.com.br/18wNuNRxU,https://luizalto.github.io/html16/pages/N190.html?dest=https://s.shopee.com.br/18wNuNRxU|||N200T4036,,Grupo_63,0,0.0,0,0,0
T4037,,,https://s.shopee.com.br/6pqSlDTkId,https://luizalto.github.io/html16/pages/N190.html?dest=https://s.shopee.com.br/6pqSlDTkId|||N200T4037,,Grupo_63,0,0.0,0,0,0
T4038,,,https://s.shopee.com.br/9pcFdnaG5X,https://luizalto.github.io/html16/pages/N190.html?dest=https://s.shopee.com.br/9pcFdnaG5X|||N200T4038,,Grupo_63,0,0.0,0,0,0
T4039,,,https://s.shopee.com.br/9zwP0ppAFS,https://luizalto.github.io/html16/pages/N190.html?dest=https://s.shopee.com.br/9zwP0ppAFS|||N200T4039,,Grupo_63,0,0.0,0,0,0
T4040,,,https://s.shopee.com.br/7pqWoq9wQU,https://luizalto.github.io/html16/pages/N190.html?dest=https://s.shopee.com.br/7pqWoq9wQU|||N200T4040,,Grupo_63,0,0.0,0,0,0
T4041,,,https://s.shopee.com.br/80AkPd7ETx,https://luizalto.github.io/html16/pages/N190.html?dest=https://s.shopee.com.br/80AkPd7ETx|||N200T4041,,Grupo_63,0,0.0,0,0,0
T4042,,,https://s.shopee.com.br/qh5AR4xxS,https://luizalto.github.io/html16/pages/N190.html?dest=https://s.shopee.com.br/qh5AR4xxS|||N200T4042,,Grupo_63,0,0.0,0,0,0
T4043,,,https://s.shopee.com.br/W5W9Lk9zN,https://luizalto.github.io/html16/pages/N190.html?dest=https://s.shopee.com.br/W5W9Lk9zN|||N200T4043,,Grupo_63,0,0.0,0,0,0
T4044,,,https://s.shopee.com.br/2VpfS7scIG,https://luizalto.github.io/html16/pages/N190.html?dest=https://s.shopee.com.br/2VpfS7scIG|||N200T4044,,Grupo_63,0,0.0,0,0,0
T4045,,,https://s.shopee.com.br/7fV64dRkSl,https://luizalto.github.io/html16/pages/N190.html?dest=https://s.shopee.com.br/7fV64dRkSl|||N200T4045,,Grupo_63,0,0.0,0,0,0
T4046,,,https://s.shopee.com.br/qgpbW6uYo,https://luizalto.github.io/html16/pages/N190.html?dest=https://s.shopee.com.br/qgpbW6uYo|||N200T4046,,Grupo_63,0,0.0,0,0,0
T4047,,,https://s.shopee.com.br/6AkLwm2ZrT,https://luizalto.github.io/html16/pages/N190.html?dest=https://s.shopee.com.br/6AkLwm2ZrT|||N200T4047,,Grupo_63,0,0.0,0,0,0
T4048,,,https://s.shopee.com.br/180IKTy5P,https://luizalto.github.io/html16/pages/N190.html?dest=https://s.shopee.com.br/180IKTy5P|||N200T4048,,Grupo_63,0,0.0,0,0,0
T4049,,,https://s.shopee.com.br/4AxLsEalWj,https://luizalto.github.io/html16/pages/N190.html?dest=https://s.shopee.com.br/4AxLsEalWj|||N200T4049,,Grupo_63,0,0.0,0,0,0
